002839.SZ,张家港行,ma4___9,20200330,5.41,5.36,5.45,5.58,5.63,5.69,5.41,5.22,5.24
002839.SZ,张家港行,ma4___9,20200402,5.58,5.63,5.69,5.57,5.57,5.46,5.31,5.34,5.3
002839.SZ,张家港行,ma4___9,20200423,5.28,5.22,5.31,5.22,5.3,5.34,5.31,5.13,5.23
002839.SZ,张家港行,ma4___9,20200507,5.32,5.39,5.35,5.31,5.31,5.25,5.24,5.21,5.23
002839.SZ,张家港行,ma9__18,20200512,5.31,5.31,5.25,5.24,5.27,5.28,5.13,5.23,5.26
002839.SZ,张家港行,ma4___9,20200601,5.24,5.27,5.27,5.21,5.24,5.19,5.12,5.99,6.59
002839.SZ,张家港行,ma9__18,20200609,5.23,5.18,5.17,5.16,5.12,5.17,5.26,7.05,6.69
002839.SZ,张家港行,ma4___9,20200619,5.27,5.31,5.26,5.64,5.52,5.76,6.98,6.73,6.45
002839.SZ,张家港行,ma9__18,20200624,5.64,5.52,5.76,5.99,6.24,6.35,6.62,6.24,6.13
002839.SZ,张家港行,ma4___9,20200805,6.27,6.29,6.13,6.22,6.19,6.25,6.55,6.17,6.04
002839.SZ,张家港行,ma4___9,20200814,6.37,6.64,6.74,6.55,6.43,6.37,6.41,6.03,6.0
002839.SZ,张家港行,ma9__18,20200817,6.64,6.74,6.55,6.43,6.37,6.33,6.29,6.06,6.01
000001.SZ,平安银行,ma4___9,20200327,12.93,12.72,12.58,12.67,12.75,12.4,12.38,13.27,13.07
000001.SZ,平安银行,ma4___9,20200416,12.47,12.67,12.77,13.22,13.01,13.01,13.69,13.13,13.55
000001.SZ,平安银行,ma9__18,20200422,13.01,13.01,13.02,13.27,13.29,13.78,13.76,12.74,13.62
000001.SZ,平安银行,ma4___9,20200601,13.32,13.55,13.54,13.57,13.59,13.62,12.82,13.12,14.27
000001.SZ,平安银行,ma9__18,20200604,13.57,13.59,13.62,13.67,13.49,13.08,12.76,15.68,14.73
000001.SZ,平安银行,ma4___9,20200701,13.12,13.43,14.25,15.68,15.48,15.76,14.27,13.54,14.38
000001.SZ,平安银行,ma9__18,20200706,15.68,15.48,15.76,15.53,14.86,14.89,14.73,13.59,15.19
000001.SZ,平安银行,ma4___9,20200804,14.04,13.76,13.9,13.7,13.95,14.13,15.15,15.14,15.35
000001.SZ,平安银行,ma9__18,20200812,14.38,14.18,14.47,15.19,15.15,15.1,14.37,15.21,15.63
000001.SZ,平安银行,rsi6_12,20200324,12.4,12.65,12.84,12.93,12.72,12.58,12.56,13.01,13.76
000001.SZ,平安银行,rsi6_12,20200325,12.65,12.84,12.93,12.72,12.58,12.67,12.52,13.01,13.56
000001.SZ,平安银行,rsi6_12,20200330,12.72,12.58,12.67,12.75,12.4,12.66,12.64,13.29,13.01
000001.SZ,平安银行,rsi6_12,20200331,12.58,12.67,12.75,12.4,12.66,12.56,12.65,13.78,12.98
002142.SZ,宁波银行,ma4___9,20200327,23.75,22.91,22.7,22.44,22.39,21.85,22.57,24.48,24.36
002142.SZ,宁波银行,ma4___9,20200410,22.9,22.57,22.87,22.46,22.2,22.85,23.15,25.01,24.57
002142.SZ,宁波银行,ma4___9,20200420,23.34,23.07,22.96,23.03,23.15,24.48,25.37,25.43,26.84
002142.SZ,宁波银行,ma9__18,20200422,22.96,23.03,23.15,24.48,24.82,25.67,25.59,24.52,27.03
002142.SZ,宁波银行,ma4___9,20200529,25.21,26.17,26.27,26.83,26.84,26.99,25.87,25.86,29.3
002142.SZ,宁波银行,ma9__18,20200601,26.17,26.27,26.83,26.84,26.99,27.03,25.38,26.76,28.94
002142.SZ,宁波银行,ma4___9,20200629,25.97,25.86,26.76,27.45,27.85,30.64,29.82,28.75,33.54
002142.SZ,宁波银行,ma9__18,20200703,27.85,30.64,31.06,31.37,31.8,30.68,30.42,28.97,33.56
002142.SZ,宁波银行,ma4___9,20200805,30.46,31.59,31.89,33.54,33.03,32.99,35.07,34.22,32.9
002142.SZ,宁波银行,ma9__18,20200810,33.54,33.03,32.99,32.23,33.56,34.57,33.37,33.14,34.2
002142.SZ,宁波银行,rsi6_12,20200324,22.93,23.92,23.95,23.75,22.91,22.7,22.4,22.96,25.59
600657.SH,信达地产,ma4___9,20200327,3.42,3.4,3.41,3.5,3.68,3.67,3.58,3.52,3.81
600657.SH,信达地产,ma9__18,20200407,3.66,3.63,3.62,3.6,3.58,3.65,3.58,3.88,3.82
600657.SH,信达地产,ma4___9,20200429,3.85,3.85,3.91,3.84,3.88,3.86,3.8,3.85,3.84
600657.SH,信达地产,ma9__18,20200430,3.85,3.91,3.84,3.88,3.86,3.85,3.8,3.91,3.96
600657.SH,信达地产,ma4___9,20200803,4.91,5.0,4.85,4.83,4.71,4.79,4.94,4.94,4.52
600657.SH,信达地产,ma4___9,20200817,4.94,4.91,4.78,4.77,4.84,4.86,4.94,4.52,4.35
600657.SH,信达地产,ma9__18,20200818,4.91,4.78,4.77,4.84,4.86,4.89,4.79,4.48,4.38
600657.SH,信达地产,ma9__18,20200821,4.84,4.86,4.89,5.24,5.03,5.09,4.65,4.63,4.58
002605.SZ,姚记科技,ma4___9,20200330,26.88,29.57,28.36,29.17,27.54,28.21,27.56,26.7,27.53
002605.SZ,姚记科技,ma9__18,20200403,27.54,28.21,29.46,29.74,27.68,26.34,29.41,28.41,25.87
002605.SZ,姚记科技,ma4___9,20200507,28.41,28.63,27.74,27.84,28.38,27.76,25.87,35.11,34.18
002605.SZ,姚记科技,ma4___9,20200528,26.39,29.03,31.94,31.35,32.98,35.11,35.44,37.68,42.87
002605.SZ,姚记科技,ma9__18,20200602,31.35,32.98,35.11,33.62,34.01,33.97,36.29,38.19,37.25
002605.SZ,姚记科技,ma4___9,20200803,37.63,36.57,36.43,35.92,35.27,35.98,35.91,35.05,31.76
002605.SZ,姚记科技,ma4___9,20200818,36.95,36.47,36.35,37.92,37.93,38.31,35.4,31.57,30.11
002605.SZ,姚记科技,rsi6_12,20200325,26.03,25.2,25.81,26.88,29.57,28.36,29.74,28.26,27.84
002605.SZ,姚记科技,rsi6_12,20200326,25.2,25.81,26.88,29.57,28.36,29.17,27.68,26.99,28.38
002605.SZ,姚记科技,rsi6_12,20200327,25.81,26.88,29.57,28.36,29.17,27.54,26.34,27.52,27.76
603613.SH,国联股份,ma4___9,20200407,73.25,73.1,80.41,77.82,74.72,78.53,80.98,72.66,67.75
603613.SH,国联股份,ma9__18,20200409,80.41,77.82,74.72,78.53,79.19,78.79,77.51,74.64,70.53
603613.SH,国联股份,ma4___9,20200512,74.64,82.09,81.36,77.67,78.22,79.75,70.53,83.6,90.05
603613.SH,国联股份,ma9__18,20200519,79.75,74.66,69.66,67.75,66.7,70.53,75.3,89.18,84.33
603613.SH,国联股份,ma4___9,20200601,76.88,75.3,75.35,75.89,82.25,83.4,90.97,86.4,95.97
603613.SH,国联股份,ma9__18,20200608,83.4,83.6,89.1,87.15,90.2,90.97,90.31,90.2,90.98
603613.SH,国联股份,ma4___9,20200709,93.8,96.2,98.88,103.11,95.97,87.19,88.78,85.23,75.73
603613.SH,国联股份,ma9__18,20200714,103.11,95.97,87.19,89.08,88.51,90.52,85.81,83.8,77.38
603613.SH,国联股份,ma4___9,20200805,86.7,85.23,83.15,82.78,83.8,82.7,76.85,87.14,81.41
600803.SH,新奥股份,ma4___9,20200330,8.36,8.48,8.19,8.36,8.43,8.77,9.19,8.86,9.28
600803.SH,新奥股份,ma9__18,20200408,8.68,8.85,8.91,9.15,9.19,9.47,9.11,9.12,9.52
600803.SH,新奥股份,ma4___9,20200508,9.32,9.24,9.12,9.22,9.28,9.14,9.64,10.34,10.45
600803.SH,新奥股份,ma9__18,20200514,9.28,9.14,9.28,9.8,9.88,9.85,9.47,10.56,10.25
600803.SH,新奥股份,ma4___9,20200706,11.17,11.2,11.35,11.8,11.5,11.55,11.59,12.18,12.75
600803.SH,新奥股份,ma9__18,20200706,11.17,11.2,11.35,11.8,11.5,11.55,11.59,12.18,12.75
600803.SH,新奥股份,rsi6_12,20200325,8.23,8.34,8.32,8.36,8.48,8.19,8.85,8.88,9.22
600803.SH,新奥股份,rsi6_12,20200326,8.34,8.32,8.36,8.48,8.19,8.36,8.91,8.97,9.28
600803.SH,新奥股份,rsi6_12,20200327,8.32,8.36,8.48,8.19,8.36,8.43,9.15,8.76,9.14
600803.SH,新奥股份,rsi6_12,20200330,8.36,8.48,8.19,8.36,8.43,8.77,9.19,8.86,9.28
600803.SH,新奥股份,rsi6_12,20200331,8.48,8.19,8.36,8.43,8.77,8.68,9.47,8.89,9.8
600803.SH,新奥股份,rsi6_12,20200401,8.19,8.36,8.43,8.77,8.68,8.85,9.19,9.04,9.88
600803.SH,新奥股份,rsi6_12,20200402,8.36,8.43,8.77,8.68,8.85,8.91,9.18,9.07,9.85
000090.SZ,天健集团,ma4___9,20200327,4.41,4.41,4.37,4.41,4.47,4.56,4.79,5.96,6.08
000090.SZ,天健集团,ma9__18,20200407,4.56,4.6,4.6,4.61,4.79,5.02,5.98,6.19,6.17
000090.SZ,天健集团,ma4___9,20200603,6.44,6.21,6.16,6.19,6.14,6.15,6.42,7.52,8.23
000090.SZ,天健集团,ma9__18,20200603,6.44,6.21,6.16,6.19,6.14,6.15,6.42,7.52,8.23
000090.SZ,天健集团,ma4___9,20200731,8.57,9.25,9.41,9.14,8.92,8.85,8.64,7.94,6.95
000090.SZ,天健集团,ma9__18,20200805,9.14,8.92,8.85,9.03,8.66,8.6,8.79,7.56,6.85
000961.SZ,中南建设,ma4___9,20200327,7.67,7.73,7.53,7.55,7.59,7.59,7.45,7.19,7.77
000961.SZ,中南建设,ma9__18,20200407,7.74,7.63,7.59,7.49,7.45,7.63,7.23,8.04,7.19
000961.SZ,中南建设,ma4___9,20200429,7.94,7.86,7.82,7.71,8.04,7.97,7.73,7.84,7.99
000961.SZ,中南建设,ma9__18,20200507,7.71,8.04,7.97,7.82,7.86,7.77,7.38,8.0,8.33
000961.SZ,中南建设,ma4___9,20200529,7.64,7.84,8.16,8.18,8.0,7.91,8.0,8.65,10.2
000961.SZ,中南建设,ma9__18,20200604,8.0,7.91,7.97,7.96,7.9,7.94,8.33,10.83,10.08
000961.SZ,中南建设,ma4___9,20200810,9.83,9.53,9.83,9.84,10.19,10.47,10.0,9.11,10.03
000961.SZ,中南建设,ma9__18,20200814,10.19,10.47,10.2,10.12,10.28,10.08,9.94,9.19,9.23
603601.SH,再升科技,ma4___9,20200330,11.16,10.62,10.25,10.48,11.11,11.38,11.86,12.19,11.39
603601.SH,再升科技,ma4___9,20200408,11.09,10.96,10.45,11.49,11.86,12.46,12.81,11.94,10.39
603601.SH,再升科技,ma9__18,20200414,11.86,12.46,12.07,11.91,13.1,13.1,12.19,11.39,10.73
603601.SH,再升科技,ma4___9,20200529,10.73,11.1,11.04,11.17,11.05,11.03,11.98,13.01,14.06
603601.SH,再升科技,ma9__18,20200608,10.99,10.87,10.87,11.95,11.98,12.41,12.24,14.07,13.94
603601.SH,再升科技,ma9__18,20200730,15.2,16.38,16.84,17.56,17.33,16.58,15.64,14.74,13.64
000810.SZ,创维数字,ma4___9,20200324,12.43,13.28,12.79,12.39,11.5,11.51,11.74,11.51,10.98
000810.SZ,创维数字,ma4___9,20200409,12.08,11.55,11.4,11.73,11.49,11.86,11.18,11.04,11.23
000810.SZ,创维数字,ma4___9,20200417,11.62,11.65,11.49,11.51,11.18,10.63,10.82,11.09,11.22
000810.SZ,创维数字,ma4___9,20200421,11.49,11.51,11.18,10.63,10.3,10.13,11.08,10.66,11.14
000810.SZ,创维数字,ma4___9,20200508,11.08,10.98,11.04,10.99,10.97,11.2,10.66,11.14,11.36
000810.SZ,创维数字,ma9__18,20200518,10.95,11.22,11.09,11.15,10.66,10.21,11.44,10.69,12.08
000810.SZ,创维数字,ma9__18,20200604,11.12,11.14,11.09,11.25,11.14,11.12,11.33,12.77,11.98
000810.SZ,创维数字,ma4___9,20200619,11.36,11.42,11.31,12.07,11.88,12.08,12.77,12.44,12.5
000810.SZ,创维数字,ma9__18,20200622,11.42,11.31,12.07,11.88,12.08,12.08,13.05,12.34,12.45
000810.SZ,创维数字,ma4___9,20200724,12.26,12.91,12.94,13.24,12.86,12.71,12.1,11.69,11.0
000810.SZ,创维数字,ma9__18,20200803,12.9,12.5,12.45,12.56,12.1,12.2,11.9,11.15,10.2
000810.SZ,创维数字,ma4___9,20200820,11.63,11.69,11.7,11.74,11.13,11.08,10.96,10.14,9.88
000810.SZ,创维数字,rsi6_12,20200320,11.97,11.3,12.43,13.28,12.79,12.39,11.31,11.65,10.74
000810.SZ,创维数字,rsi6_12,20200430,10.46,10.82,10.74,11.08,10.98,11.04,11.22,11.45,10.94
000921.SZ,海信家电,ma4___9,20200327,8.9,8.69,9.19,8.89,8.99,8.94,9.07,9.02,9.73
000921.SZ,海信家电,ma9__18,20200407,9.12,9.0,9.1,9.11,9.07,9.2,9.19,9.7,9.64
000921.SZ,海信家电,ma4___9,20200701,11.82,11.83,12.06,12.27,12.54,12.35,12.21,11.08,13.38
000921.SZ,海信家电,ma9__18,20200706,12.27,12.54,12.35,12.47,12.08,12.3,11.33,11.43,13.58
000921.SZ,海信家电,ma4___9,20200803,11.43,11.63,12.08,11.8,12.07,13.28,13.58,14.02,13.35
000921.SZ,海信家电,ma9__18,20200807,12.07,13.28,13.06,13.38,13.4,13.55,15.49,14.15,13.38
000921.SZ,海信家电,rsi6_12,20200325,8.79,8.62,8.9,8.69,9.19,8.89,9.1,9.33,9.85
000921.SZ,海信家电,rsi6_12,20200326,8.62,8.9,8.69,9.19,8.89,8.99,9.11,9.14,9.81
000921.SZ,海信家电,rsi6_12,20200330,8.69,9.19,8.89,8.99,8.94,9.12,9.2,8.93,9.76
002959.SZ,小熊电器,ma4___9,20200324,62.05,66.4,65.24,64.27,64.85,64.05,58.78,70.53,82.27
002959.SZ,小熊电器,ma9__18,20200330,64.85,64.05,63.95,64.66,59.19,58.4,63.74,81.59,89.77
002959.SZ,小熊电器,ma4___9,20200415,65.04,68.93,67.96,70.6,70.01,70.53,79.01,92.95,106.16
002959.SZ,小熊电器,ma9__18,20200421,70.01,70.53,70.98,70.95,78.05,81.59,81.78,85.38,101.05
000636.SZ,风华高科,ma4___9,20200407,18.85,19.17,18.98,17.9,17.46,18.1,18.56,22.26,22.64
000636.SZ,风华高科,ma4___9,20200417,18.6,18.85,18.56,18.58,18.05,18.72,21.41,23.9,27.46
000636.SZ,风华高科,ma9__18,20200417,18.6,18.85,18.56,18.58,18.05,18.72,21.41,23.9,27.46
000636.SZ,风华高科,ma9__18,20200603,27.46,27.38,27.38,26.4,26.49,27.26,28.05,29.7,30.05
000636.SZ,风华高科,ma9__18,20200729,36.81,35.75,36.2,36.73,37.44,36.24,36.46,31.21,30.5
000733.SZ,振华科技,ma4___9,20200407,20.14,20.23,20.21,19.42,19.67,20.17,21.0,21.21,21.38
000733.SZ,振华科技,ma4___9,20200416,20.5,20.65,21.12,21.0,20.61,20.11,20.28,23.38,22.12
000733.SZ,振华科技,ma9__18,20200416,20.5,20.65,21.12,21.0,20.61,20.11,20.28,23.38,22.12
000733.SZ,振华科技,ma4___9,20200507,20.83,21.21,21.09,21.2,21.02,21.14,22.03,21.67,21.46
000733.SZ,振华科技,ma9__18,20200513,21.02,21.14,22.33,21.78,23.38,22.73,20.89,21.32,22.31
000733.SZ,振华科技,ma4___9,20200602,22.12,21.96,21.67,22.03,21.44,21.5,21.16,22.64,25.35
000733.SZ,振华科技,ma4___9,20200619,21.57,21.86,21.87,22.31,22.16,22.45,24.61,29.66,37.86
000733.SZ,振华科技,ma9__18,20200630,22.45,22.13,22.64,23.87,24.99,24.61,27.25,32.49,50.78
000100.SZ,TCL科技,ma4___9,20200407,4.53,4.5,4.45,4.31,4.2,4.37,4.35,4.74,4.95
000100.SZ,TCL科技,ma4___9,20200417,4.5,4.5,4.35,4.34,4.24,4.14,4.8,5.16,5.71
000100.SZ,TCL科技,ma9__18,20200417,4.5,4.5,4.35,4.34,4.24,4.14,4.8,5.16,5.71
000100.SZ,TCL科技,ma4___9,20200506,4.8,4.71,4.74,4.84,4.83,4.89,5.16,5.71,5.79
000100.SZ,TCL科技,ma9__18,20200507,4.71,4.74,4.84,4.83,4.89,4.99,5.12,5.8,6.13
000100.SZ,TCL科技,ma4___9,20200805,6.43,6.78,6.58,6.49,6.24,6.29,6.53,7.56,6.79
000100.SZ,TCL科技,ma4___9,20200818,6.74,6.53,6.47,6.55,6.77,6.62,7.16,6.94,6.15
000100.SZ,TCL科技,ma9__18,20200818,6.74,6.53,6.47,6.55,6.77,6.62,7.16,6.94,6.15
000100.SZ,TCL科技,rsi6_12,20200401,4.27,4.46,4.3,4.53,4.5,4.45,4.35,4.64,5.09
000100.SZ,TCL科技,rsi6_12,20200403,4.3,4.53,4.5,4.45,4.31,4.2,4.5,4.71,5.12
000100.SZ,TCL科技,rsi6_12,20200410,4.31,4.2,4.37,4.33,4.35,4.5,4.14,4.89,4.88
000725.SZ,京东方A,ma4___9,20200408,3.92,3.9,3.78,3.72,3.82,3.82,3.79,3.93,3.69
000725.SZ,京东方A,ma4___9,20200420,3.83,3.78,3.79,3.75,3.68,3.65,3.75,3.85,4.31
000725.SZ,京东方A,ma4___9,20200507,3.75,3.84,3.93,3.9,3.88,3.84,3.85,4.31,4.53
000725.SZ,京东方A,ma9__18,20200513,3.88,3.84,3.91,3.78,3.83,3.89,3.69,4.78,4.51
000725.SZ,京东方A,ma4___9,20200602,4.23,4.21,4.31,4.32,4.72,4.58,4.52,4.85,4.69
000725.SZ,京东方A,ma9__18,20200604,4.31,4.32,4.72,4.58,4.78,4.63,4.53,5.01,4.82
000725.SZ,京东方A,ma4___9,20200803,4.8,4.75,4.77,4.93,4.79,4.8,5.23,5.5,5.24
000725.SZ,京东方A,ma9__18,20200810,4.8,4.69,4.69,4.85,4.94,5.23,5.46,5.38,5.13
000725.SZ,京东方A,rsi6_12,20200402,3.88,3.8,3.92,3.92,3.9,3.78,3.87,3.8,3.89
000725.SZ,京东方A,rsi6_12,20200403,3.8,3.92,3.92,3.9,3.78,3.72,3.83,3.75,3.85
000725.SZ,京东方A,rsi6_12,20200409,3.9,3.78,3.72,3.82,3.82,3.79,3.75,3.9,3.75
000725.SZ,京东方A,rsi6_12,20200414,3.82,3.82,3.79,3.87,3.83,3.78,3.53,3.91,3.69
000725.SZ,京东方A,rsi6_12,20200415,3.82,3.79,3.87,3.83,3.78,3.79,3.56,3.78,3.91
000725.SZ,京东方A,rsi6_12,20200416,3.79,3.87,3.83,3.78,3.79,3.75,3.74,3.83,4.23
000725.SZ,京东方A,rsi6_12,20200421,3.78,3.79,3.75,3.68,3.65,3.53,3.84,3.75,4.32
000725.SZ,京东方A,rsi6_12,20200422,3.79,3.75,3.68,3.65,3.53,3.56,3.93,3.69,4.72
000050.SZ,深天马A,ma4___9,20200408,13.88,13.87,13.49,13.24,13.52,13.41,13.28,14.04,13.2
000050.SZ,深天马A,ma4___9,20200430,14.1,14.18,13.93,13.98,14.04,13.86,14.19,14.89,14.54
000050.SZ,深天马A,ma9__18,20200507,13.93,13.98,14.04,13.86,13.94,13.99,13.87,14.62,14.64
000050.SZ,深天马A,ma4___9,20200602,14.89,14.82,14.62,14.8,14.98,14.71,14.54,15.37,15.94
000050.SZ,深天马A,ma9__18,20200604,14.62,14.8,14.98,14.71,14.85,14.42,14.64,16.03,16.78
000050.SZ,深天马A,ma9__18,20200629,15.08,15.36,15.21,15.37,15.46,16.03,17.5,15.68,17.28
000050.SZ,深天马A,ma4___9,20200731,16.81,18.2,18.26,17.85,17.91,17.13,16.98,16.39,14.91
000050.SZ,深天马A,ma9__18,20200805,17.85,17.91,17.13,17.28,16.76,16.68,16.87,16.79,15.04
000050.SZ,深天马A,rsi6_12,20200325,14.03,13.77,13.75,13.37,13.25,13.31,13.87,13.22,13.86
000050.SZ,深天马A,rsi6_12,20200402,13.63,13.38,13.78,13.88,13.87,13.49,13.44,14.18,14.08
000050.SZ,深天马A,rsi6_12,20200403,13.38,13.78,13.88,13.87,13.49,13.24,13.4,13.93,13.87
000050.SZ,深天马A,rsi6_12,20200410,13.49,13.24,13.52,13.41,13.38,13.44,13.01,13.94,13.34
000050.SZ,深天马A,rsi6_12,20200415,13.41,13.38,13.44,13.4,13.23,13.28,13.66,13.79,14.16
000050.SZ,深天马A,rsi6_12,20200416,13.38,13.44,13.4,13.23,13.28,13.22,14.1,14.19,14.89
000050.SZ,深天马A,rsi6_12,20200420,13.4,13.23,13.28,13.22,13.01,13.24,13.93,13.87,14.62
002351.SZ,漫步者,ma4___9,20200407,10.96,11.05,11.45,10.7,10.46,11.11,10.89,12.4,14.66
002351.SZ,漫步者,ma9__18,20200413,10.46,11.11,11.11,10.94,11.07,11.23,10.17,14.42,18.6
002351.SZ,漫步者,ma4___9,20200430,11.52,11.58,11.27,12.4,13.25,12.87,14.64,21.76,20.35
002351.SZ,漫步者,ma9__18,20200508,12.4,13.25,12.87,13.64,14.42,15.53,14.66,21.52,21.54
002351.SZ,漫步者,ma9__18,20200630,21.12,21.75,21.4,20.82,21.82,24.0,22.12,18.99,18.59
002351.SZ,漫步者,ma4___9,20200803,20.15,19.81,19.82,19.51,19.06,19.1,18.76,18.35,16.58
002351.SZ,漫步者,ma4___9,20200819,18.81,18.31,19.35,19.18,19.26,18.45,18.29,16.15,16.14
002351.SZ,漫步者,rsi6_12,20200325,11.0,10.71,10.6,10.23,10.09,10.33,11.45,10.7,12.87
002351.SZ,漫步者,rsi6_12,20200326,10.71,10.6,10.23,10.09,10.33,10.76,10.7,10.38,13.64
002351.SZ,漫步者,rsi6_12,20200401,10.33,10.76,10.68,10.96,11.05,11.45,10.94,11.52,14.64
000690.SZ,宝新能源,ma4___9,20200324,5.14,5.14,5.08,5.08,5.07,5.0,5.06,5.1,4.95
000690.SZ,宝新能源,ma4___9,20200407,5.08,5.06,5.06,4.97,4.88,4.89,5.11,4.96,4.83
000690.SZ,宝新能源,ma9__18,20200407,5.08,5.06,5.06,4.97,4.88,4.89,5.11,4.96,4.83
000690.SZ,宝新能源,ma4___9,20200420,5.05,5.11,5.1,5.04,5.04,5.0,4.95,4.91,4.81
000690.SZ,宝新能源,ma9__18,20200427,5.0,4.97,4.97,4.98,4.98,4.95,4.87,4.82,4.71
000690.SZ,宝新能源,ma4___9,20200519,4.99,4.99,4.91,4.83,4.83,4.84,4.87,4.73,4.81
000690.SZ,宝新能源,ma4___9,20200602,4.87,4.87,4.81,4.81,4.78,4.74,4.73,4.81,6.07
000690.SZ,宝新能源,ma4___9,20200618,4.76,4.8,4.79,4.72,4.74,4.76,5.77,6.34,6.85
000690.SZ,宝新能源,ma4___9,20200703,5.29,5.77,5.57,5.63,5.64,5.5,6.26,6.42,6.9
000690.SZ,宝新能源,ma9__18,20200703,5.29,5.77,5.57,5.63,5.64,5.5,6.26,6.42,6.9
000690.SZ,宝新能源,rsi6_12,20200616,4.73,4.73,4.76,4.8,4.79,4.72,4.81,6.07,6.1
000690.SZ,宝新能源,rsi6_12,20200617,4.73,4.76,4.8,4.79,4.72,4.74,5.29,6.26,6.42
603233.SH,大参林,ma4___9,20200323,47.78,48.42,49.59,50.73,51.23,50.66,52.75,53.74,57.3
603233.SH,大参林,ma9__18,20200330,50.66,52.14,50.83,51.68,52.87,52.75,52.93,61.74,57.19
603233.SH,大参林,ma4___9,20200724,72.75,72.27,72.1,74.0,75.06,76.5,72.51,77.4,84.18
603233.SH,大参林,ma4___9,20200731,76.5,75.15,73.72,74.49,73.4,72.51,70.39,83.2,82.6
603233.SH,大参林,ma4___9,20200819,76.5,75.35,77.4,78.95,80.21,79.8,88.01,82.85,82.46
002727.SZ,一心堂,ma4___9,20200323,22.39,23.26,23.83,24.08,25.1,25.16,26.7,26.35,25.95
002727.SZ,一心堂,ma9__18,20200327,25.1,25.16,25.57,24.66,24.71,25.07,26.71,27.13,27.59
002727.SZ,一心堂,ma4___9,20200514,27.59,27.19,29.0,29.3,29.79,30.07,29.97,29.48,34.93
002727.SZ,一心堂,ma9__18,20200519,29.3,29.79,30.07,29.4,29.16,30.3,29.52,32.1,36.01
002727.SZ,一心堂,ma4___9,20200612,30.55,31.69,32.1,32.97,31.65,33.34,37.11,36.46,32.19
002727.SZ,一心堂,ma9__18,20200615,31.69,32.1,32.97,31.65,33.34,32.77,35.8,37.76,32.9
002727.SZ,一心堂,ma4___9,20200805,32.92,32.28,32.67,33.02,32.63,31.79,35.57,43.36,40.8
002727.SZ,一心堂,ma4___9,20200807,32.67,33.02,32.63,31.79,31.65,33.35,35.09,41.9,39.4
002727.SZ,一心堂,ma4___9,20200817,34.16,35.18,35.57,33.93,35.09,37.55,41.46,39.0,39.5
002727.SZ,一心堂,ma9__18,20200817,34.16,35.18,35.57,33.93,35.09,37.55,41.46,39.0,39.5
000581.SZ,威孚高科,ma4___9,20200326,18.4,18.26,18.14,18.05,17.93,18.36,18.17,19.42,20.22
000581.SZ,威孚高科,ma4___9,20200408,18.42,18.38,18.17,18.15,18.29,18.04,19.15,19.99,19.1
000581.SZ,威孚高科,ma9__18,20200408,18.42,18.38,18.17,18.15,18.29,18.04,19.15,19.99,19.1
000581.SZ,威孚高科,ma4___9,20200603,19.35,21.29,22.68,21.42,21.27,20.83,20.85,21.3,22.31
000581.SZ,威孚高科,ma9__18,20200608,21.42,21.27,20.83,20.52,20.66,20.36,20.43,22.84,23.15
000581.SZ,威孚高科,ma4___9,20200702,21.26,21.3,22.52,22.58,22.84,23.08,22.02,22.06,22.68
000581.SZ,威孚高科,ma9__18,20200706,22.52,22.58,22.84,23.08,22.65,23.5,23.15,22.8,24.42
000581.SZ,威孚高科,ma4___9,20200803,22.8,23.0,22.87,23.02,22.68,23.37,24.42,24.92,23.52
000581.SZ,威孚高科,ma9__18,20200807,22.68,23.37,23.4,22.97,22.68,22.95,23.68,24.57,24.78
603305.SH,旭升股份,ma4___9,20200330,37.99,36.87,37.02,37.73,37.0,40.15,39.01,37.51,41.71
603305.SH,旭升股份,ma4___9,20200401,37.02,37.73,37.0,40.15,39.37,39.22,40.9,42.58,40.78
603305.SH,旭升股份,ma4___9,20200407,40.15,39.37,39.22,38.43,36.42,39.01,38.7,43.76,38.0
603305.SH,旭升股份,ma9__18,20200409,39.22,38.43,36.42,39.01,40.14,40.9,37.74,42.1,38.8
603305.SH,旭升股份,ma4___9,20200430,42.58,42.72,44.03,43.76,42.42,42.1,40.78,40.45,40.38
603305.SH,旭升股份,ma9__18,20200507,44.03,43.76,42.42,42.1,41.8,41.15,39.11,39.78,39.88
603305.SH,旭升股份,ma4___9,20200601,40.41,40.45,40.1,39.78,39.84,40.5,39.77,38.6,45.41
603305.SH,旭升股份,ma9__18,20200609,41.0,39.56,42.86,42.26,39.77,40.38,39.93,47.6,41.32
603305.SH,旭升股份,ma4___9,20200706,41.73,44.47,44.75,47.6,46.89,48.74,41.25,48.35,44.16
603305.SH,旭升股份,ma9__18,20200709,47.6,46.89,48.74,47.4,45.41,42.73,41.32,45.76,41.68
603305.SH,旭升股份,ma4___9,20200730,43.91,44.67,48.35,46.1,44.92,45.76,43.93,41.29,35.42
603305.SH,旭升股份,ma9__18,20200805,44.92,45.76,44.47,45.0,44.38,44.14,42.49,42.35,36.96
603305.SH,旭升股份,rsi6_12,20200324,37.6,38.34,36.52,37.2,37.99,36.87,39.37,38.92,42.42
603305.SH,旭升股份,rsi6_12,20200325,38.34,36.52,37.2,37.99,36.87,37.02,39.22,37.74,42.1
603305.SH,旭升股份,rsi6_12,20200326,36.52,37.2,37.99,36.87,37.02,37.73,38.43,37.1,41.8
603305.SH,旭升股份,rsi6_12,20200327,37.2,37.99,36.87,37.02,37.73,37.0,36.42,36.47,41.15
603305.SH,旭升股份,rsi6_12,20200331,36.87,37.02,37.73,37.0,40.15,39.37,40.14,39.23,39.97
603305.SH,旭升股份,rsi6_12,20200401,37.02,37.73,37.0,40.15,39.37,39.22,40.9,42.58,40.78
603305.SH,旭升股份,rsi6_12,20200403,37.0,40.15,39.37,39.22,38.43,36.42,40.81,44.03,39.11
000035.SZ,中国天楹,ma4___9,20200407,4.88,4.89,4.86,4.76,4.85,4.86,4.73,4.99,4.74
000035.SZ,中国天楹,ma9__18,20200413,4.85,4.86,4.76,4.74,4.74,4.75,4.92,4.92,4.74
000035.SZ,中国天楹,ma4___9,20200529,4.8,4.87,4.91,4.86,4.87,4.86,4.77,5.1,5.59
000035.SZ,中国天楹,ma9__18,20200605,4.86,4.88,4.87,4.83,4.77,4.77,4.94,5.35,5.67
000035.SZ,中国天楹,ma4___9,20200804,5.37,5.29,5.23,5.15,5.27,5.15,5.32,5.27,5.03
000035.SZ,中国天楹,ma4___9,20200817,5.31,5.32,5.29,5.23,5.28,5.3,5.33,5.05,4.71
000035.SZ,中国天楹,ma9__18,20200817,5.31,5.32,5.29,5.23,5.28,5.3,5.33,5.05,4.71
000035.SZ,中国天楹,rsi6_12,20200325,4.83,4.73,4.76,4.63,4.62,4.61,4.86,4.98,4.94
000035.SZ,中国天楹,rsi6_12,20200326,4.73,4.76,4.63,4.62,4.61,4.64,4.76,4.89,5.0
000035.SZ,中国天楹,rsi6_12,20200327,4.76,4.63,4.62,4.61,4.64,4.77,4.85,4.92,4.92
000035.SZ,中国天楹,rsi6_12,20200402,4.64,4.77,4.88,4.89,4.86,4.76,4.74,5.08,4.76
000048.SZ,京基智农,ma4___9,20200326,21.2,20.99,21.54,22.78,22.14,22.35,22.87,25.54,24.65
000048.SZ,京基智农,ma9__18,20200401,22.14,22.35,22.26,22.54,21.82,23.32,22.28,24.29,23.47
000048.SZ,京基智农,ma4___9,20200602,23.31,23.35,23.54,23.31,23.08,23.06,23.5,23.73,24.64
000048.SZ,京基智农,ma9__18,20200609,23.06,23.11,23.06,23.46,23.47,23.5,24.1,26.08,24.96
000048.SZ,京基智农,ma4___9,20200803,24.72,25.1,25.2,24.82,24.26,25.29,25.8,39.91,42.66
000048.SZ,京基智农,ma9__18,20200811,25.85,25.59,26.19,25.85,25.8,25.75,34.35,41.06,41.6
002124.SZ,天邦股份,ma4___9,20200331,11.66,12.2,12.0,12.07,12.9,12.77,12.11,12.57,11.45
002124.SZ,天邦股份,ma9__18,20200403,12.07,12.9,12.77,12.98,12.51,12.02,12.1,12.46,10.68
002124.SZ,天邦股份,ma9__18,20200506,12.42,12.46,12.32,11.71,11.66,11.65,10.64,10.58,11.09
002124.SZ,天邦股份,ma4___9,20200604,10.65,10.53,10.53,10.56,10.65,10.43,11.26,15.19,17.15
002124.SZ,天邦股份,ma4___9,20200615,10.81,10.89,11.09,11.26,11.31,11.58,12.88,16.9,19.01
002124.SZ,天邦股份,ma9__18,20200617,11.09,11.26,11.31,11.58,11.36,11.59,13.81,17.08,18.71
002124.SZ,天邦股份,rsi6_12,20200601,10.57,10.73,10.58,10.65,10.53,10.53,10.81,12.88,16.9
002124.SZ,天邦股份,rsi6_12,20200603,10.58,10.65,10.53,10.53,10.56,10.65,11.09,13.81,17.08
002124.SZ,天邦股份,rsi6_12,20200604,10.65,10.53,10.53,10.56,10.65,10.43,11.26,15.19,17.15
002124.SZ,天邦股份,rsi6_12,20200605,10.53,10.53,10.56,10.65,10.43,10.49,11.31,15.76,17.14
002124.SZ,天邦股份,rsi6_12,20200608,10.53,10.56,10.65,10.43,10.49,10.81,11.58,15.87,17.0
002124.SZ,天邦股份,rsi6_12,20200609,10.56,10.65,10.43,10.49,10.81,10.89,11.36,16.13,16.89
002124.SZ,天邦股份,rsi6_12,20200612,10.49,10.81,10.89,11.09,11.26,11.31,12.85,17.6,18.7
603416.SH,信捷电气,ma4___9,20200401,34.53,33.88,34.06,35.46,34.9,35.17,35.4,39.69,39.54
603416.SH,信捷电气,ma9__18,20200413,35.25,35.97,35.26,35.4,35.44,36.68,38.76,40.56,36.87
603416.SH,信捷电气,ma4___9,20200601,40.81,39.53,39.17,38.04,38.2,36.65,36.36,40.66,49.78
603416.SH,信捷电气,ma4___9,20200623,37.3,38.16,39.01,39.72,40.66,40.86,47.98,57.15,57.35
603416.SH,信捷电气,ma9__18,20200630,39.72,40.66,40.86,41.1,42.31,45.55,51.98,51.0,62.98
603606.SH,东方电缆,ma4___9,20200402,12.85,12.87,13.06,13.13,13.2,13.13,13.29,13.89,14.25
603606.SH,东方电缆,ma9__18,20200409,13.2,13.13,13.27,13.4,13.15,13.18,14.52,14.27,13.56
603606.SH,东方电缆,ma9__18,20200512,14.27,14.48,14.29,14.21,14.36,14.83,13.56,13.68,13.5
603606.SH,东方电缆,ma4___9,20200602,13.9,13.81,14.05,14.01,13.83,13.68,13.4,14.8,17.16
603606.SH,东方电缆,ma4___9,20200619,13.79,13.86,13.5,13.53,14.39,14.54,15.16,18.35,23.63
603606.SH,东方电缆,ma9__18,20200630,14.54,14.42,14.8,14.72,15.13,15.16,18.33,19.44,25.98
603583.SH,捷昌驱动,ma4___9,20200325,29.66,29.55,28.94,28.02,28.27,28.14,32.77,32.18,36.36
603583.SH,捷昌驱动,ma4___9,20200407,31.23,31.77,32.77,32.85,32.24,33.34,33.0,37.39,36.82
603583.SH,捷昌驱动,ma9__18,20200407,31.23,31.77,32.77,32.85,32.24,33.34,33.0,37.39,36.82
603583.SH,捷昌驱动,ma9__18,20200508,37.39,36.33,36.36,37.78,37.21,38.06,36.82,44.11,47.25
603583.SH,捷昌驱动,ma9__18,20200604,42.07,44.11,43.78,44.03,46.04,45.01,47.62,48.6,56.32
603583.SH,捷昌驱动,rsi6_12,20200323,28.14,27.74,29.66,29.55,28.94,28.02,31.23,33.0,37.39
603583.SH,捷昌驱动,rsi6_12,20200327,28.94,28.02,28.27,28.14,29.03,28.7,32.24,32.54,37.21
603583.SH,捷昌驱动,rsi6_12,20200330,28.02,28.27,28.14,29.03,28.7,31.23,33.34,32.77,38.06
603583.SH,捷昌驱动,rsi6_12,20200331,28.27,28.14,29.03,28.7,31.23,31.77,34.72,33.62,37.2
603583.SH,捷昌驱动,rsi6_12,20200401,28.14,29.03,28.7,31.23,31.77,32.77,34.8,35.11,39.61
002714.SZ,牧原股份,ma4___9,20200327,66.95,67.05,71.56,71.03,70.58,71.94,72.32,78.0,66.07
002714.SZ,牧原股份,ma9__18,20200403,71.94,75.13,72.19,72.79,72.55,72.32,72.67,72.41,67.11
002714.SZ,牧原股份,ma4___9,20200521,67.11,68.26,70.01,68.68,67.31,67.52,71.66,72.11,87.98
002714.SZ,牧原股份,ma4___9,20200525,70.01,68.68,67.31,67.52,70.38,70.26,69.52,75.94,87.85
002714.SZ,牧原股份,ma9__18,20200602,71.23,70.44,71.66,69.18,69.52,69.4,68.96,81.5,90.02
002714.SZ,牧原股份,ma4___9,20200618,72.11,74.93,75.94,75.99,75.2,78.0,87.98,96.98,93.42
002714.SZ,牧原股份,ma9__18,20200622,75.94,75.99,75.2,78.0,82.0,83.28,87.85,93.52,94.7
002714.SZ,牧原股份,ma4___9,20200803,93.42,93.09,94.7,93.0,90.82,91.75,91.71,87.8,78.13
002714.SZ,牧原股份,ma9__18,20200810,91.75,93.93,92.7,92.0,92.28,91.71,90.69,82.82,73.83
002299.SZ,圣农发展,ma4___9,20200327,21.74,22.93,23.65,23.33,23.5,23.52,22.7,21.29,24.72
002299.SZ,圣农发展,ma9__18,20200402,23.5,23.52,24.01,23.34,23.5,23.1,22.52,21.79,25.52
002299.SZ,圣农发展,ma4___9,20200508,21.59,23.34,22.55,24.03,24.72,26.11,24.45,26.09,26.59
002299.SZ,圣农发展,ma9__18,20200513,24.03,24.72,26.11,26.26,26.26,25.52,25.84,25.91,28.95
002299.SZ,圣农发展,ma4___9,20200617,26.2,25.9,26.59,28.75,29.13,28.95,28.17,29.04,28.7
002299.SZ,圣农发展,ma9__18,20200623,29.13,28.95,28.64,29.0,29.97,28.82,29.75,28.12,28.9
002299.SZ,圣农发展,ma4___9,20200731,28.7,29.44,29.63,29.53,28.9,27.95,26.85,26.8,24.13
002299.SZ,圣农发展,ma9__18,20200807,27.95,27.42,26.91,26.29,27.02,26.85,26.8,26.11,23.32
002299.SZ,圣农发展,ma4___9,20200819,27.63,26.72,26.8,27.19,26.39,26.09,26.81,23.77,21.88
600745.SH,闻泰科技,ma4___9,20200408,110.85,108.18,102.7,92.44,96.54,96.68,97.14,113.29,97.21
600745.SH,闻泰科技,ma4___9,20200422,97.14,94.05,91.66,94.12,96.91,96.92,113.29,97.21,106.77
600745.SH,闻泰科技,ma4___9,20200430,106.61,114.14,110.24,114.19,113.29,111.88,111.62,103.05,106.97
600745.SH,闻泰科技,ma9__18,20200507,110.24,114.19,113.29,111.88,111.36,111.14,101.11,106.41,116.06
600745.SH,闻泰科技,ma4___9,20200602,103.05,106.57,106.41,108.61,106.77,109.86,106.97,130.72,133.71
600745.SH,闻泰科技,ma9__18,20200611,110.98,106.9,106.98,109.9,106.97,108.61,123.76,165.0,133.72
600745.SH,闻泰科技,ma4___9,20200731,152.05,153.51,148.0,148.11,144.8,137.01,136.4,138.03,120.18
600745.SH,闻泰科技,ma9__18,20200805,148.11,144.8,137.01,138.0,136.3,137.6,132.87,137.06,121.92
600745.SH,闻泰科技,ma4___9,20200820,136.56,135.54,138.68,136.02,134.05,136.9,136.03,122.86,121.15
600745.SH,闻泰科技,rsi6_12,20200417,98.82,98.06,96.91,97.14,94.05,91.66,114.14,107.93,106.57
600745.SH,闻泰科技,rsi6_12,20200420,98.06,96.91,97.14,94.05,91.66,94.12,110.24,101.11,106.41
600745.SH,闻泰科技,rsi6_12,20200427,94.12,96.91,96.92,106.61,114.14,110.24,111.14,98.32,106.9
600562.SH,国睿科技,ma4___9,20200407,14.46,14.66,15.04,14.37,14.13,14.33,14.66,14.98,14.29
600562.SH,国睿科技,ma9__18,20200410,14.37,14.13,14.33,14.46,14.47,14.39,14.83,15.07,14.15
600562.SH,国睿科技,ma4___9,20200603,14.22,13.94,14.04,14.02,14.06,13.99,13.97,14.87,16.2
600562.SH,国睿科技,ma4___9,20200619,14.15,14.79,14.77,14.98,14.89,14.82,15.91,17.31,18.81
600562.SH,国睿科技,ma9__18,20200623,14.77,14.98,14.89,14.82,14.67,14.84,17.23,18.57,21.53
000582.SZ,北部湾港,ma4___9,20200601,9.15,9.62,9.63,9.65,9.63,10.29,9.92,10.67,11.91
000582.SZ,北部湾港,ma9__18,20200604,9.65,9.63,10.29,10.12,10.2,10.07,10.63,11.38,12.25
000582.SZ,北部湾港,ma9__18,20200804,12.08,12.03,12.1,11.86,12.03,11.96,12.97,10.69,11.25
600500.SH,中化国际,ma4___9,20200327,5.05,4.96,4.96,4.95,5.03,4.95,5.01,4.91,4.72
600500.SH,中化国际,ma4___9,20200408,5.08,5.07,5.09,5.01,5.13,5.07,4.92,4.84,4.8
600500.SH,中化国际,ma9__18,20200415,5.07,5.07,5.07,5.05,4.89,4.92,4.77,4.76,4.95
600500.SH,中化国际,ma4___9,20200512,4.81,4.78,4.72,4.76,4.76,4.78,4.85,5.1,5.04
600500.SH,中化国际,ma4___9,20200520,4.89,4.87,4.79,4.8,4.85,4.86,5.08,5.08,5.28
600500.SH,中化国际,ma9__18,20200526,4.85,4.86,4.91,4.81,4.95,4.99,5.1,5.04,5.69
600500.SH,中化国际,ma9__18,20200629,5.06,5.06,5.02,5.11,5.28,5.6,5.88,5.4,6.0
600500.SH,中化国际,ma4___9,20200803,5.78,5.91,5.89,5.94,5.92,6.0,5.98,5.57,5.37
600500.SH,中化国际,ma9__18,20200807,5.92,6.0,5.92,5.9,5.92,5.93,5.91,5.55,5.53
600500.SH,中化国际,rsi6_12,20200402,5.03,4.95,5.11,5.08,5.07,5.09,5.07,4.78,4.89
600500.SH,中化国际,rsi6_12,20200512,4.81,4.78,4.72,4.76,4.76,4.78,4.85,5.1,5.04
600058.SH,五矿发展,ma4___9,20200325,6.91,6.88,6.91,6.82,6.86,6.75,6.98,6.7,6.16
600058.SH,五矿发展,ma9__18,20200403,6.97,7.01,7.02,6.98,6.76,6.68,6.72,6.38,6.04
600058.SH,五矿发展,ma4___9,20200422,6.74,6.7,6.64,6.76,6.5,6.4,6.32,5.91,6.21
600058.SH,五矿发展,ma4___9,20200529,6.1,6.14,6.2,6.15,6.17,6.22,6.07,6.04,7.11
600058.SH,五矿发展,ma9__18,20200605,6.22,6.21,6.19,6.12,6.07,6.07,6.17,6.66,6.88
600058.SH,五矿发展,ma4___9,20200619,6.17,6.1,6.07,6.04,5.96,6.04,6.66,6.88,6.96
600058.SH,五矿发展,ma4___9,20200703,6.32,6.74,6.66,7.14,7.13,6.99,6.7,6.84,7.02
600058.SH,五矿发展,ma9__18,20200703,6.32,6.74,6.66,7.14,7.13,6.99,6.7,6.84,7.02
600058.SH,五矿发展,ma4___9,20200803,7.02,6.96,7.05,7.07,6.91,7.13,7.11,7.0,6.97
600058.SH,五矿发展,ma9__18,20200806,7.07,6.91,7.13,7.32,7.04,7.03,6.91,7.04,6.87
600058.SH,五矿发展,rsi6_12,20200518,6.22,6.17,6.07,6.04,5.91,5.91,6.14,6.04,6.09
600058.SH,五矿发展,rsi6_12,20200519,6.17,6.07,6.04,5.91,5.91,5.95,6.2,6.1,6.22
600058.SH,五矿发展,rsi6_12,20200527,6.08,6.08,6.1,6.14,6.2,6.15,6.12,6.04,6.99
600058.SH,五矿发展,rsi6_12,20200528,6.08,6.1,6.14,6.2,6.15,6.17,6.07,5.96,7.17
002001.SZ,新和成,ma4___9,20200331,26.81,25.98,27.19,26.59,27.61,27.32,28.18,26.4,25.64
002001.SZ,新和成,ma9__18,20200402,27.19,26.59,27.61,27.32,27.66,27.08,27.67,27.02,25.49
002001.SZ,新和成,ma4___9,20200507,26.52,26.59,26.23,25.81,25.92,25.45,25.24,25.89,27.43
002001.SZ,新和成,ma4___9,20200603,25.56,25.89,25.87,25.58,26.99,26.98,28.3,28.33,29.65
002001.SZ,新和成,ma9__18,20200608,25.58,26.99,26.98,26.74,26.66,26.71,27.76,29.2,30.12
002001.SZ,新和成,ma4___9,20200803,29.94,29.37,29.3,30.3,29.67,31.0,30.61,32.77,30.99
002001.SZ,新和成,ma9__18,20200810,31.0,30.62,29.85,29.61,30.05,30.61,32.94,32.3,31.45
000813.SZ,德展健康,ma4___9,20200325,5.41,5.3,5.24,5.14,5.32,5.21,5.71,5.77,5.7
000813.SZ,德展健康,ma4___9,20200408,5.68,5.71,5.52,5.48,5.75,5.75,5.66,5.61,5.38
000813.SZ,德展健康,ma9__18,20200408,5.68,5.71,5.52,5.48,5.75,5.75,5.66,5.61,5.38
000813.SZ,德展健康,ma4___9,20200508,5.7,5.61,5.7,5.67,5.67,5.62,5.35,5.47,6.72
000813.SZ,德展健康,ma9__18,20200515,5.62,5.5,5.45,5.55,5.4,5.35,5.21,6.12,6.2
000813.SZ,德展健康,ma4___9,20200603,5.52,5.58,5.47,5.48,5.5,5.58,6.36,6.37,6.96
000813.SZ,德展健康,ma9__18,20200610,5.58,5.79,6.12,6.48,6.21,6.36,6.37,6.66,6.9
000813.SZ,德展健康,ma9__18,20200713,6.91,7.22,7.21,7.01,6.96,6.97,6.86,6.66,6.16
600299.SH,安迪苏,ma4___9,20200511,11.99,11.78,12.0,11.64,11.67,11.82,11.24,11.87,12.04
600299.SH,安迪苏,ma4___9,20200520,12.04,11.74,11.44,11.24,11.34,11.27,11.63,12.34,12.43
600299.SH,安迪苏,ma4___9,20200603,11.63,11.61,12.02,11.87,12.3,12.14,12.34,12.43,12.67
600299.SH,安迪苏,ma9__18,20200609,12.3,12.14,12.0,11.88,11.84,12.31,12.16,13.29,13.83
600673.SH,东阳光,ma4___9,20200326,7.3,7.15,7.04,6.99,7.05,7.13,7.36,7.05,6.59
600673.SH,东阳光,ma4___9,20200407,7.27,7.25,7.24,7.36,7.72,7.63,7.33,6.73,6.42
600673.SH,东阳光,ma9__18,20200408,7.25,7.24,7.36,7.72,7.63,7.64,7.2,6.67,6.35
600673.SH,东阳光,ma4___9,20200526,6.47,6.39,6.31,6.34,6.49,6.49,6.74,6.81,7.44
600673.SH,东阳光,ma4___9,20200603,6.5,6.53,6.66,6.58,6.74,6.6,7.05,6.95,7.23
600673.SH,东阳光,ma9__18,20200608,6.58,6.74,6.6,6.49,6.49,6.43,6.86,7.22,7.02
600673.SH,东阳光,ma4___9,20200820,6.7,6.64,6.51,6.49,6.41,6.42,6.46,6.38,6.22
600673.SH,东阳光,rsi6_12,20200320,7.2,7.01,7.08,7.21,7.3,7.15,7.15,7.47,6.77
600673.SH,东阳光,rsi6_12,20200324,7.08,7.21,7.3,7.15,7.04,6.99,7.25,7.2,6.67
600673.SH,东阳光,rsi6_12,20200325,7.21,7.3,7.15,7.04,6.99,7.05,7.24,7.24,6.64
600673.SH,东阳光,rsi6_12,20200326,7.3,7.15,7.04,6.99,7.05,7.13,7.36,7.05,6.59
600673.SH,东阳光,rsi6_12,20200330,7.04,6.99,7.05,7.13,7.15,7.27,7.63,6.61,6.49
600673.SH,东阳光,rsi6_12,20200331,6.99,7.05,7.13,7.15,7.27,7.25,7.64,6.62,6.49
600673.SH,东阳光,rsi6_12,20200401,7.05,7.13,7.15,7.27,7.25,7.24,7.46,6.72,6.47
600673.SH,东阳光,rsi6_12,20200402,7.13,7.15,7.27,7.25,7.24,7.36,7.36,6.77,6.48
600673.SH,东阳光,rsi6_12,20200522,6.42,6.35,6.47,6.39,6.31,6.34,6.66,6.88,7.08
600673.SH,东阳光,rsi6_12,20200526,6.47,6.39,6.31,6.34,6.49,6.49,6.74,6.81,7.44
600673.SH,东阳光,rsi6_12,20200529,6.34,6.49,6.49,6.5,6.53,6.66,6.49,6.91,7.76
600812.SH,华北制药,ma4___9,20200326,7.6,7.42,7.25,7.27,7.31,7.87,11.23,9.09,8.0
600812.SH,华北制药,ma4___9,20200402,7.87,8.66,9.53,10.49,11.54,11.23,8.73,8.86,8.7
600812.SH,华北制药,ma9__18,20200420,9.53,10.49,11.54,11.23,11.52,10.37,8.77,8.17,9.24
600812.SH,华北制药,ma4___9,20200513,9.59,9.32,9.1,8.88,8.86,8.96,7.91,10.74,11.87
600812.SH,华北制药,ma4___9,20200602,8.7,8.66,9.24,9.75,10.73,10.55,12.67,12.57,12.72
600812.SH,华北制药,ma9__18,20200608,10.73,10.55,10.74,11.54,11.92,13.1,12.55,13.27,13.49
600812.SH,华北制药,rsi6_12,20200325,7.38,7.6,7.42,7.25,7.27,7.31,11.54,8.95,7.97
600812.SH,华北制药,rsi6_12,20200326,7.6,7.42,7.25,7.27,7.31,7.87,11.23,9.09,8.0
600812.SH,华北制药,rsi6_12,20200330,7.25,7.27,7.31,7.87,8.66,9.53,10.37,9.32,7.79
600812.SH,华北制药,rsi6_12,20200331,7.27,7.31,7.87,8.66,9.53,10.49,9.64,9.1,7.95
600812.SH,华北制药,rsi6_12,20200401,7.31,7.87,8.66,9.53,10.49,11.54,8.98,8.88,8.14
601985.SH,中国核电,ma4___9,20200327,4.34,4.26,4.28,4.25,4.29,4.27,4.33,4.22,4.12
601985.SH,中国核电,ma4___9,20200408,4.37,4.35,4.32,4.33,4.35,4.33,4.34,4.2,3.98
601985.SH,中国核电,ma9__18,20200409,4.35,4.32,4.33,4.35,4.33,4.35,4.29,4.18,3.99
601985.SH,中国核电,ma4___9,20200508,4.22,4.2,4.18,4.17,4.12,4.12,3.99,4.01,4.03
601985.SH,中国核电,ma4___9,20200602,4.05,4.02,3.98,4.01,4.01,4.03,3.97,4.1,4.33
601985.SH,中国核电,ma4___9,20200619,4.03,4.01,3.98,4.01,3.98,3.98,4.35,4.44,4.42
601985.SH,中国核电,ma9__18,20200619,4.03,4.01,3.98,4.01,3.98,3.98,4.35,4.44,4.42
601985.SH,中国核电,ma4___9,20200701,4.04,4.1,4.21,4.41,4.35,4.43,4.45,4.35,4.68
601985.SH,中国核电,ma9__18,20200701,4.04,4.1,4.21,4.41,4.35,4.43,4.45,4.35,4.68
601985.SH,中国核电,ma4___9,20200803,4.42,4.42,4.38,4.38,4.33,4.46,4.58,4.66,4.57
601985.SH,中国核电,ma9__18,20200810,4.46,4.58,4.68,4.58,4.54,4.58,4.74,4.63,4.58
601985.SH,中国核电,rsi6_12,20200601,4.0,4.05,4.02,3.98,4.01,4.01,3.93,4.04,4.45
601985.SH,中国核电,rsi6_12,20200604,3.98,4.01,4.01,4.03,4.0,3.97,4.03,4.41,4.48
000156.SZ,华数传媒,ma4___9,20200327,9.33,9.01,8.86,8.86,9.02,8.95,9.01,9.32,9.67
000156.SZ,华数传媒,ma4___9,20200408,9.34,9.41,9.13,9.01,9.22,9.14,9.39,9.75,9.55
000156.SZ,华数传媒,ma4___9,20200420,9.38,9.45,9.39,9.41,8.98,9.32,9.76,9.93,10.21
000156.SZ,华数传媒,ma9__18,20200420,9.38,9.45,9.39,9.41,8.98,9.32,9.76,9.93,10.21
000156.SZ,华数传媒,ma4___9,20200507,9.76,9.66,9.75,9.62,9.6,9.67,9.93,10.21,10.67
000156.SZ,华数传媒,ma9__18,20200508,9.66,9.75,9.62,9.6,9.67,9.66,9.68,10.39,10.67
000156.SZ,华数传媒,ma4___9,20200804,11.22,11.3,11.03,10.94,11.26,10.9,11.34,11.28,10.87
000156.SZ,华数传媒,ma4___9,20200818,11.34,11.1,11.21,11.29,11.31,11.2,11.28,10.87,9.87
000156.SZ,华数传媒,rsi6_12,20200402,9.02,8.95,9.23,9.34,9.41,9.13,9.21,9.46,9.6
000712.SZ,锦龙股份,ma4___9,20200330,12.91,12.7,12.48,12.71,12.92,13.11,12.87,11.99,12.31
000712.SZ,锦龙股份,ma4___9,20200408,13.23,13.2,12.86,12.61,12.87,12.59,12.47,12.45,11.93
000712.SZ,锦龙股份,ma9__18,20200410,12.86,12.61,12.87,12.59,12.65,12.59,11.97,12.35,12.09
000712.SZ,锦龙股份,ma4___9,20200507,12.36,12.54,12.45,12.35,12.35,12.1,11.96,12.56,12.03
000712.SZ,锦龙股份,ma4___9,20200528,12.33,12.29,12.73,12.65,12.42,12.56,12.37,12.24,16.52
000712.SZ,锦龙股份,ma9__18,20200602,12.65,12.42,12.56,12.56,12.41,12.53,11.99,13.33,15.25
000712.SZ,锦龙股份,ma4___9,20200622,12.54,12.65,12.59,12.24,12.5,12.6,15.82,16.32,19.4
000712.SZ,锦龙股份,ma9__18,20200701,12.6,13.33,14.3,15.46,14.76,15.82,15.79,16.0,17.18
000712.SZ,锦龙股份,ma4___9,20200731,18.62,19.17,18.5,19.4,18.74,17.69,17.15,15.15,13.84
000712.SZ,锦龙股份,ma9__18,20200731,18.62,19.17,18.5,19.4,18.74,17.69,17.15,15.15,13.84
000750.SZ,国海证券,ma4___9,20200330,4.36,4.35,4.34,4.42,4.34,4.45,4.47,4.15,4.35
000750.SZ,国海证券,ma4___9,20200407,4.45,4.41,4.46,4.41,4.37,4.47,4.31,4.4,4.19
000750.SZ,国海证券,ma9__18,20200414,4.47,4.4,4.41,4.4,4.4,4.31,4.15,4.35,4.18
000750.SZ,国海证券,ma4___9,20200507,4.29,4.4,4.39,4.41,4.43,4.37,4.26,4.3,4.24
000750.SZ,国海证券,ma9__18,20200513,4.43,4.37,4.35,4.31,4.31,4.3,4.17,4.23,4.41
000750.SZ,国海证券,ma4___9,20200601,4.36,4.36,4.31,4.3,4.32,4.28,4.19,4.42,5.69
000750.SZ,国海证券,ma9__18,20200608,4.28,4.29,4.23,4.21,4.2,4.19,4.39,5.96,5.89
000750.SZ,国海证券,ma4___9,20200619,4.33,4.39,4.45,4.41,4.24,4.34,5.61,6.0,5.8
000750.SZ,国海证券,ma9__18,20200624,4.41,4.24,4.34,4.42,4.78,5.14,5.83,5.51,5.55
000750.SZ,国海证券,ma4___9,20200804,5.8,5.71,5.8,5.55,5.59,5.38,5.65,5.55,5.14
000750.SZ,国海证券,ma4___9,20200818,5.65,5.6,5.59,5.82,5.67,5.62,5.55,5.14,5.47
000166.SZ,申万宏源,ma4___9,20200325,4.46,4.39,4.4,4.35,4.35,4.32,4.37,4.26,4.44
000166.SZ,申万宏源,ma4___9,20200408,4.37,4.37,4.34,4.31,4.39,4.34,4.29,4.43,4.39
000166.SZ,申万宏源,ma4___9,20200417,4.35,4.35,4.29,4.29,4.26,4.21,4.38,4.42,4.4
000166.SZ,申万宏源,ma4___9,20200506,4.38,4.36,4.42,4.43,4.44,4.47,4.42,4.4,4.37
000166.SZ,申万宏源,ma9__18,20200512,4.44,4.47,4.42,4.4,4.4,4.42,4.38,4.45,4.8
000166.SZ,申万宏源,ma4___9,20200602,4.45,4.4,4.39,4.43,4.4,4.45,4.35,5.33,5.71
000166.SZ,申万宏源,ma9__18,20200609,4.45,4.39,4.37,4.34,4.31,4.35,4.8,6.43,5.7
000166.SZ,申万宏源,ma4___9,20200731,5.75,5.83,5.79,5.72,5.8,5.57,5.6,5.74,5.27
000166.SZ,申万宏源,ma9__18,20200807,5.57,5.6,5.5,5.46,5.49,5.6,5.72,5.56,5.42
000166.SZ,申万宏源,ma4___9,20200818,5.8,5.77,5.66,5.72,5.69,5.7,5.68,5.26,5.43
000728.SZ,国元证券,ma4___9,20200409,8.39,8.24,8.08,8.25,8.11,8.12,7.82,8.08,7.94
000728.SZ,国元证券,ma4___9,20200506,8.06,8.0,8.18,8.12,8.08,8.08,7.98,8.11,7.89
000728.SZ,国元证券,ma9__18,20200513,8.08,7.95,7.97,7.94,8.0,7.98,7.82,8.0,8.65
000728.SZ,国元证券,ma4___9,20200601,8.24,8.21,8.11,8.04,8.12,8.07,7.81,8.57,10.81
000728.SZ,国元证券,ma9__18,20200604,8.04,8.12,8.07,8.1,8.0,7.9,7.96,10.71,10.62
000728.SZ,国元证券,ma4___9,20200619,8.14,8.32,8.55,8.65,8.23,8.4,10.28,10.47,10.66
000728.SZ,国元证券,ma9__18,20200624,8.65,8.23,8.4,8.57,9.17,9.75,11.35,9.97,10.27
000728.SZ,国元证券,ma4___9,20200803,10.74,10.66,10.6,10.79,10.27,10.34,10.79,11.02,9.83
000728.SZ,国元证券,ma9__18,20200807,10.27,10.34,10.12,10.1,10.18,10.32,11.26,10.55,10.12
000728.SZ,国元证券,ma9__18,20200820,10.87,11.26,10.88,10.91,10.67,10.62,10.68,9.7,10.79
000686.SZ,东北证券,ma4___9,20200409,8.38,8.27,8.16,8.33,8.2,8.23,8.04,8.22,7.9
000686.SZ,东北证券,ma4___9,20200507,8.04,8.23,8.19,8.22,8.21,8.08,8.01,8.17,8.12
000686.SZ,东北证券,ma9__18,20200513,8.21,8.08,8.08,8.01,8.06,8.05,7.79,8.07,8.56
000686.SZ,东北证券,ma4___9,20200601,8.29,8.32,8.17,8.17,8.18,8.1,7.92,8.61,11.17
000686.SZ,东北证券,ma9__18,20200605,8.18,8.1,8.16,8.07,8.0,7.94,8.35,10.4,10.76
000686.SZ,东北证券,ma4___9,20200619,8.35,8.52,8.64,8.56,8.24,8.45,10.4,10.76,11.17
000686.SZ,东北证券,ma9__18,20200623,8.64,8.56,8.24,8.45,8.61,9.24,11.74,11.54,11.44
000686.SZ,东北证券,ma4___9,20200731,11.22,11.38,11.17,11.25,11.44,10.95,10.54,10.74,9.71
000686.SZ,东北证券,ma9__18,20200806,11.44,10.95,10.95,10.48,10.4,10.43,10.62,10.53,9.72
000686.SZ,东北证券,ma4___9,20200819,10.89,10.62,10.74,10.68,10.65,10.41,10.64,9.74,9.88
600346.SH,恒力石化,ma4___9,20200403,12.4,12.54,12.3,12.27,12.34,12.68,13.49,13.69,13.24
600346.SH,恒力石化,ma9__18,20200413,12.68,12.83,12.7,13.3,13.45,13.49,13.95,13.07,13.14
600346.SH,恒力石化,ma4___9,20200529,13.52,13.53,13.82,14.24,14.25,14.04,13.63,14.0,15.42
600346.SH,恒力石化,ma9__18,20200603,14.24,14.25,14.04,14.34,14.31,14.08,13.48,14.88,15.71
600346.SH,恒力石化,ma4___9,20200623,13.47,13.76,13.48,14.0,14.69,14.8,15.99,16.86,19.89
600346.SH,恒力石化,ma9__18,20200702,14.8,14.88,15.35,15.5,15.65,15.99,15.08,16.14,18.6
600346.SH,恒力石化,rsi6_12,20200331,12.12,12.08,12.49,12.4,12.54,12.3,12.7,13.48,13.21
600346.SH,恒力石化,rsi6_12,20200401,12.08,12.49,12.4,12.54,12.3,12.27,13.3,13.72,13.31
600346.SH,恒力石化,rsi6_12,20200403,12.4,12.54,12.3,12.27,12.34,12.68,13.49,13.69,13.24
600720.SH,祁连山,ma4___9,20200323,12.45,12.77,12.77,12.46,12.72,12.87,13.23,15.09,16.42
600720.SH,祁连山,ma9__18,20200330,12.87,12.59,12.94,12.91,12.61,13.23,13.51,15.05,16.27
600720.SH,祁连山,ma4___9,20200529,15.98,17.04,17.26,16.45,16.35,16.37,16.85,16.25,20.05
600720.SH,祁连山,ma9__18,20200605,16.37,16.09,16.3,17.3,17.0,16.85,17.02,17.89,22.04
600720.SH,祁连山,ma4___9,20200702,17.6,17.87,18.32,17.89,18.1,18.39,18.8,21.25,19.67
600720.SH,祁连山,ma9__18,20200708,18.1,18.39,18.02,19.64,20.05,19.77,21.68,20.78,20.54
600720.SH,祁连山,ma4___9,20200819,20.54,19.7,19.72,19.99,19.85,19.57,19.76,16.39,15.16
